"V1","V2","V3","V4","V5","V6","V7","V8","V9","V10","V11","V12","V13","V14","V15","V16","V17","V18","V19","V20","V21","V22","V23","V24","V25","V26","V27","V28","V29","V30","V31","V32","V33","V34","V35","V36","V37","V38","V39","V40","V41","V42","V43","V44","V45","V46","V47","V48","V49","V50","V51","V52","V53","V54","V55","V56","V57","V58","V59","V60","V61","V62","V63","V64","V65","V66","V67","V68","V69","V70","V71","V72","V73","V74","V75","V76","V77","V78","V79","V80","V81","V82","V83","V84","V85","V86","V87","V88","V89","V90","V91","V92","V93","V94","V95","V96","V97","V98","V99","V100","V101","V102","V103","V104","V105","V106","V107","V108"
"","","","","",""," luis evelis andrade casama"," marco anibal avirama avirama"," maria del rosario guerra de la espriella"," paloma susana valencia laserna"," ana mercedes gomez martinez"," susana correa borrero"," ruby thania vega de plazas"," paola andrea holguin moreno"," nohora stella tovar rey"," alvaro uribe velez"," alfredo rangel suarez"," ivan duque marquez"," fernando nicolas araujo rumie"," jose obdulio gaviria velez"," orlando castaneda serrano"," daniel alberto cabrales castillo"," everth bustamante garcia"," alfredo ramos maya"," jaime alejandro amin hernandez"," ernesto macias tovar"," carlos felipe mejia mejia"," honorio miguel henriquez pinedo"," claudia nayibe lopez hernandez"," antonio jose navarro wolff"," jorge ivan ospina gomez"," ivan leonidas name vasquez"," jorge elieser prieto riveros"," daira de jesus galvis mendez"," rosmery martinez rosales"," arturo char chaljub"," carlos fernando galan pachon"," german varon cotrino"," juan carlos restrepo escobar"," bernabe celis carrillo"," carlos fernando motoa solarte"," antonio del cristo guerra de la espriella"," nora maria garcia burgos"," yamina del carmen pestana rojas"," nidia marcela osorio salgado"," myriam alicia paredes aguirre"," olga lucia suarez mira"," nadya georgette blel scaff"," roberto victor gerlein echeverria"," efrain jose cepeda sarabia"," laureano augusto acuna diaz"," javier mauricio delgado martinez"," carlos eduardo enriquez maya"," hernan francisco andrade serrano"," jorge hernando pedraza gutierrez"," juan samy merheg marun"," juan diego gomez jimenez"," juan manuel corzo roman"," luis emilio sierra grajales"," fernando eustacio tamayo tamayo"," arleth patricia casado de lopez"," viviane aleyda morales hoyos"," sofia alejandra gaviria correa"," horacio serpa uribe"," andres cristo bustos"," juan manuel galan pachon"," guillermo garcia realpe"," alvaro antonio ashton giraldo"," lidio arturo garcia turbay"," jaime enrique duran barrera"," luis fernando velasco chaves"," eugenio enrique prieto soto"," mario alberto fernandez alcocer"," edinson delgado ruiz"," rodrigo villalba mosquera"," javier tato alvarez montenegro"," luis fernando duque garcia"," doris clemencia vega quiroz"," teresita garcia romero"," nerthink mauricio aguilar hurtado"," antonio jose correa jimenez"," julio miguel guerra sotto"," jorge enrique robledo castillo"," ivan cepeda castro"," alexander lopez maya"," jesus alberto castilla salazar"," segundo senen nino avendano"," maritza martinez aristizabal"," sandra elena villadiego villadiego"," musa besaile fayad"," bernardo miguel elias vidal"," jose david name cardozo"," roosvelt rodriguez rengifo"," jose alfredo gnecco zuleta"," oscar mauricio lizcano arango"," miguel amin escaf"," eduardo enrique pulgar daza"," roy leonardo barreras montealegre"," martin emilio morales diz"," armando alberto benedetti villaneda"," william jimmy chamorro cruz"," german dario hoyos giraldo"," milton arlex rodriguez sarmiento"," andres felipe garcia zuccardi"," manuel mesias enriquez rosero"," angel custodio cabrera baez"," manuel guillermo mora jaramillo"," carlos enrique soto jaramillo"
"0","0","0","0","0","0","0","0","0","0","0","0","0","0","0","0","0","0","0","0","0","0","0","0","0","0","0","0","0","0","0","0","0","0","0","0","0","0","0","0","0","0","0","0","0","0","0","0","0","0","0","0","0","0","0","0","0","0","0","0","0","0","0","0","0","0","0","0","0","0","0","0","0","0","0","0","0","0","0","0","0","0","0","0","0","0","0","0","0","0","0","0","0","0","0","0","0","0","0","0","0","0","0","0","0","0","0","0"
"http://www.imprenta.gov.co/gacetap/gaceta.mostrar_texto?p_tipo=02&p_numero=25&p_consec=14831","senado","25","25","octubre","206 s","0","0","1","0","0","0","0","0","0","0","0","0","0","0","0","0","0","0","0","0","0","0","0","0","0","0","0","0","0","1","0","0","1","1","0","1","0","0","0","0","0","0","1","1","0","0","1","1","0","0","0","1","0","0","0","0","0","0","0","1","0","1","0","0","1","0","0","0","0","0","1","0","0","0","0","0","0","0","1","0","0","0","0","0","0","1","0","0","0","0","0","0","0","1","0","0","0","0","1","0","1","0"
"http://www.imprenta.gov.co/gacetap/gaceta.mostrar_texto?p_tipo=02&p_numero=18&p_consec=41206","senado","18","14","octubre","2014","1","1","1","1","1","1","1","1","1","1","1","1","1","1","1","1","1","1","1","1","1","1","1","1","1","0","1","1","1","1","1","1","1","1","1","1","1","1","1","1","1","1","1","1","1","1","1","1","1","1","1","0","1","1","1","1","1","1","1","0","1","1","0","1","1","1","1","1","1","1","0","1","0","0","1","1","1","1","0","1","0","1","1","1","0","1","1","1","1","1","1","1","1","1","1","0","1","1","1","1","0","1"
"http://www.imprenta.gov.co/gacetap/gaceta.mostrar_texto?p_tipo=02&p_numero=19&p_consec=41207","senado","19","15","octubre","2014","1","1","1","1","1","1","1","1","1","1","1","1","1","1","1","1","1","1","1","1","1","1","1","1","1","0","1","1","1","1","1","1","1","1","1","1","1","1","1","1","1","1","1","1","1","1","1","1","1","1","1","0","1","1","1","1","1","1","1","0","1","1","0","1","1","1","1","1","1","1","1","1","0","0","1","1","1","1","0","1","0","1","1","1","0","1","1","1","1","1","1","1","1","1","1","0","1","1","1","1","0","1"
"http://www.imprenta.gov.co/gacetap/gaceta.mostrar_texto?p_tipo=02&p_numero=27&p_consec=41393","senado","27","11","noviembre","2014","1","1","1","1","1","1","1","1","1","1","1","1","1","1","1","1","1","1","1","1","1","1","1","1","1","0","1","0","1","1","1","1","1","1","1","1","1","1","1","0","1","0","1","1","1","0","1","1","1","1","1","1","1","1","1","1","1","1","1","1","1","1","1","0","1","1","1","1","1","1","1","1","1","1","1","1","1","1","1","1","1","1","1","1","1","1","1","1","1","1","1","1","1","1","1","1","1","1","1","1","1","0"
"http://www.imprenta.gov.co/gacetap/gaceta.mostrar_texto?p_tipo=02&p_numero=29&p_consec=41394","senado","29","18","noviembre","2014","1","1","1","1","1","1","1","1","1","1","1","1","1","1","1","1","1","1","1","1","1","1","1","1","1","1","1","1","1","1","1","1","1","1","1","1","1","1","1","1","1","0","1","1","1","0","1","1","1","1","1","1","0","1","1","1","1","1","1","1","1","1","1","1","1","1","1","1","1","1","0","1","1","1","1","0","1","1","0","1","1","1","1","1","1","1","1","1","1","1","1","1","1","1","1","1","1","1","1","1","1","1"
"http://www.imprenta.gov.co/gacetap/gaceta.mostrar_texto?p_tipo=02&p_numero=55&p_consec=43561","senado","55","05","mayo","2015","1","1","1","1","0","1","1","1","1","1","1","1","1","1","1","1","1","1","1","1","1","1","1","1","1","1","1","1","1","1","1","0","1","1","1","1","1","1","1","1","1","1","1","1","1","1","1","1","1","1","1","1","1","1","1","1","1","1","1","1","1","1","1","0","1","0","1","1","1","1","1","1","1","1","1","1","1","1","1","1","1","1","1","1","1","1","1","1","1","1","1","1","1","1","1","1","1","1","1","1","1","1"
"http://www.imprenta.gov.co/gacetap/gaceta.mostrar_texto?p_tipo=02&p_numero=30&p_consec=41347","senado","30","19","noviembre","2014","1","1","1","1","1","1","1","1","0","1","1","1","1","1","1","1","1","1","1","1","1","1","1","1","1","1","1","1","1","1","1","1","1","1","1","1","1","1","1","1","1","0","1","1","0","0","1","1","1","1","1","1","0","1","1","1","1","1","1","1","1","1","1","1","1","1","1","1","1","1","0","1","1","1","1","1","1","1","0","1","1","1","1","1","1","1","1","1","1","1","1","1","1","1","1","1","1","0","1","1","1","1"
"http://www.imprenta.gov.co/gacetap/gaceta.mostrar_texto?p_tipo=02&p_numero=31&p_consec=41327","senado","31","25","noviembre","2014","1","1","1","1","1","1","1","1","1","1","1","1","1","1","1","1","1","1","1","1","1","1","1","1","1","1","1","1","1","0","1","1","1","1","1","1","1","1","1","1","1","1","1","1","1","1","1","1","1","1","1","1","1","1","1","1","1","1","1","1","1","1","1","1","1","1","1","1","1","1","1","1","1","1","1","1","1","1","0","1","1","1","1","1","1","1","1","1","1","1","1","1","1","1","1","1","1","1","1","1","1","1"
"http://www.imprenta.gov.co/gacetap/gaceta.mostrar_texto?p_tipo=02&p_numero=27&p_consec=43573","senado","27","14","noviembre","2015","1","1","1","1","0","1","1","1","1","1","1","1","1","1","1","1","1","1","1","1","1","1","1","1","1","1","1","1","1","1","1","1","1","1","1","1","1","1","1","0","1","1","1","1","1","1","1","1","1","1","1","1","1","1","1","1","1","1","1","1","1","1","1","1","1","0","1","1","1","1","1","1","1","1","1","1","1","1","1","1","1","1","1","1","1","1","0","1","1","1","1","1","1","1","1","1","1","1","1","1","1","1"
"http://www.imprenta.gov.co/gacetap/gaceta.mostrar_texto?p_tipo=02&p_numero=32&p_consec=41395","senado","32","02","diciembre","2014","1","1","1","1","1","1","1","1","1","1","1","1","1","1","1","1","1","1","1","1","1","1","1","1","1","1","1","1","1","1","1","1","1","1","1","1","0","1","1","1","1","1","1","1","1","1","1","1","1","1","1","1","1","1","0","1","1","1","1","1","1","1","1","1","1","1","1","1","1","1","1","1","1","1","1","1","1","1","1","1","1","1","1","1","1","1","0","1","1","1","1","1","0","1","1","1","1","1","1","1","1","1"
"http://www.imprenta.gov.co/gacetap/gaceta.mostrar_texto?p_tipo=02&p_numero=42&p_consec=39021","senado","42","18","marzo","2014","0","1","1","0","0","0","0","0","0","0","0","0","0","0","0","0","0","0","0","0","0","0","0","0","0","1","0","1","0","0","0","0","1","1","1","1","1","0","0","1","1","0","1","1","0","0","1","1","1","1","0","1","1","1","1","0","0","0","0","0","1","1","1","1","1","1","0","1","1","0","1","1","1","1","1","0","1","0","1","0","0","0","0","1","1","1","0","0","1","0","0","1","1","1","0","1","1","0","1","0","1","1"
"http://www.imprenta.gov.co/gacetap/gaceta.mostrar_texto?p_tipo=02&p_numero=43&p_consec=39022","senado","43","25","marzo","2014","0","1","1","0","0","0","0","0","0","0","0","0","0","0","0","0","0","0","0","0","0","0","0","0","0","1","0","1","0","0","0","0","0","1","1","1","1","0","0","1","1","0","0","1","0","0","1","1","1","1","0","1","1","1","1","0","0","0","0","1","1","1","1","1","1","1","0","1","1","0","0","1","1","1","1","0","1","0","1","0","0","1","0","1","1","1","0","0","1","0","0","0","1","1","0","1","1","0","1","0","1","1"
"http://www.imprenta.gov.co/gacetap/gaceta.mostrar_texto?p_tipo=02&p_numero=26&p_consec=43858","senado","26","03","noviembre","2015","1","1","1","1","0","1","1","1","1","1","1","1","1","1","1","1","1","1","1","1","1","1","1","1","1","1","1","1","1","0","1","1","1","1","1","1","1","1","1","1","1","1","1","1","1","1","1","1","1","1","1","0","1","1","1","1","1","1","1","1","1","1","1","1","1","0","1","1","1","1","1","1","1","1","1","1","1","1","1","1","1","1","1","1","1","1","1","0","1","1","1","1","1","1","1","1","1","1","1","1","1","1"
"http://www.imprenta.gov.co/gacetap/gaceta.mostrar_texto?p_tipo=02&p_numero=33&p_consec=41445","senado","33","03","diciembre","2014","1","1","1","1","1","1","1","1","1","1","1","1","1","1","1","1","1","1","1","1","1","1","1","1","1","1","1","1","1","1","1","1","1","1","1","1","1","1","1","1","1","1","1","1","1","1","1","1","1","1","1","1","1","1","1","1","1","1","1","1","1","1","1","1","1","1","1","1","1","1","1","1","1","1","1","1","1","1","1","1","1","1","1","1","1","1","0","1","1","1","1","1","0","1","1","1","1","1","1","1","1","1"
"http://www.imprenta.gov.co/gacetap/gaceta.mostrar_texto?p_tipo=02&p_numero=42&p_consec=44231","senado","42","16","febrero","2016","1","1","1","1","0","1","0","1","1","1","1","1","1","1","1","1","1","1","1","1","1","1","1","1","1","1","1","1","1","1","1","1","1","1","1","1","1","1","1","1","1","1","1","1","1","1","0","1","1","0","1","0","1","1","1","1","1","1","1","1","1","1","1","1","1","0","1","1","1","1","1","1","1","1","1","1","1","1","1","1","1","1","1","1","1","1","1","1","1","1","1","1","1","1","1","1","1","1","1","1","1","1"
"http://www.imprenta.gov.co/gacetap/gaceta.mostrar_texto?p_tipo=02&p_numero=34&p_consec=41453","senado","34","09","diciembre","2014","1","1","1","0","1","1","1","1","1","1","1","1","1","1","1","1","1","1","1","1","1","1","1","1","1","1","1","1","1","1","1","1","1","1","1","1","1","1","1","1","1","1","1","1","1","1","1","1","1","1","1","1","1","1","1","1","1","1","1","1","1","1","1","1","1","1","1","1","1","0","0","1","1","1","1","1","1","1","1","1","1","1","1","1","1","1","1","1","1","1","1","1","0","1","1","1","1","1","1","1","1","1"
"http://www.imprenta.gov.co/gacetap/gaceta.mostrar_texto?p_tipo=02&p_numero=37&p_consec=41454","senado","37","15","diciembre","2014","1","1","1","1","1","1","1","1","1","1","1","1","1","1","1","1","1","1","1","1","1","1","1","1","1","1","1","1","1","1","1","1","1","1","1","1","1","1","1","1","1","1","1","1","1","1","1","1","1","1","1","1","1","1","1","1","1","1","1","1","1","1","1","1","1","1","1","1","1","1","1","1","1","1","1","1","1","1","1","1","0","1","1","1","1","1","1","1","1","1","1","1","1","0","1","1","1","1","1","1","1","1"
"http://www.imprenta.gov.co/gacetap/gaceta.mostrar_texto?p_tipo=02&p_numero=28&p_consec=43864","senado","28","10","noviembre","2015","1","1","1","1","0","1","1","1","0","1","1","1","1","1","1","1","1","1","1","1","1","1","1","1","1","1","1","1","1","1","1","1","1","1","1","1","1","1","1","1","1","1","0","1","1","1","1","1","1","1","1","1","1","1","1","1","1","0","1","1","1","1","0","1","1","0","1","1","1","1","1","1","1","1","1","1","1","1","1","1","1","1","1","1","1","1","0","1","1","1","1","0","1","1","1","1","1","1","1","1","1","1"
"http://www.imprenta.gov.co/gacetap/gaceta.mostrar_texto?p_tipo=02&p_numero=38&p_consec=41455","senado","38","16","diciembre","2014","1","1","1","1","1","1","1","1","1","1","1","1","1","1","1","1","1","1","1","1","1","1","1","1","1","1","1","1","1","1","1","1","1","1","1","1","1","1","1","1","1","1","1","1","1","1","1","1","1","1","1","1","1","1","1","1","1","1","1","1","1","1","1","1","1","1","1","1","1","1","1","1","1","1","1","1","1","1","1","1","1","1","1","1","1","1","1","1","1","1","1","1","1","1","1","1","1","1","1","1","1","1"
"http://www.imprenta.gov.co/gacetap/gaceta.mostrar_texto?p_tipo=02&p_numero=39&p_consec=44224","senado","39","15","diciembre","2015","1","1","1","1","0","1","1","1","1","1","1","1","1","1","0","1","1","1","1","1","1","1","1","1","1","1","1","1","1","1","1","1","1","1","1","1","1","1","1","1","1","1","1","1","1","1","1","1","1","1","1","1","1","1","1","1","1","1","1","1","1","1","1","1","1","0","1","1","1","1","1","1","1","1","1","1","1","1","1","1","1","1","1","1","1","1","1","1","1","1","1","1","1","1","1","1","0","1","1","1","1","1"
"http://www.imprenta.gov.co/gacetap/gaceta.mostrar_texto?p_tipo=02&p_numero=43&p_consec=44242","senado","43","08","marzo","2016","1","1","1","1","0","1","1","1","1","1","1","1","1","1","1","1","1","1","1","1","1","1","1","1","1","1","1","1","1","1","1","1","1","1","1","1","1","1","1","1","1","1","0","1","1","1","1","1","1","1","0","1","1","1","1","1","1","1","1","1","1","1","1","1","1","0","1","1","1","1","0","1","1","1","1","1","1","1","1","1","1","1","1","1","1","1","1","1","1","1","1","1","1","1","1","1","1","1","1","1","1","1"
"http://www.imprenta.gov.co/gacetap/gaceta.mostrar_texto?p_tipo=02&p_numero=44&p_consec=44243","senado","44","09","marzo","2016","1","1","1","1","0","1","1","1","1","1","1","1","1","1","1","1","1","1","1","1","1","1","1","1","1","1","1","1","1","1","1","1","1","1","1","1","1","1","1","1","1","1","0","1","1","1","1","1","1","1","0","1","1","1","1","1","0","1","1","1","1","1","1","1","1","0","1","1","1","1","1","1","1","1","1","1","1","1","1","1","1","1","1","1","1","1","1","1","1","1","1","1","1","1","1","1","1","1","1","1","1","1"
"http://www.imprenta.gov.co/gacetap/gaceta.mostrar_texto?p_tipo=02&p_numero=44&p_consec=39105","senado","44","01","abril","2014","0","1","1","0","0","0","0","0","0","0","0","0","0","0","0","0","0","0","0","0","0","0","0","0","0","1","0","1","0","0","0","0","1","1","1","1","1","0","0","1","1","0","1","1","0","0","1","1","1","1","0","1","1","1","1","0","0","0","0","1","1","1","1","1","1","1","0","1","1","0","0","1","1","1","1","0","1","0","1","0","0","1","0","1","1","1","0","0","1","0","0","1","1","1","0","1","1","0","1","0","1","1"
"http://www.imprenta.gov.co/gacetap/gaceta.mostrar_texto?p_tipo=02&p_numero=45&p_consec=39106","senado","45","08","abril","2014","0","0","0","0","0","0","0","0","0","0","0","0","0","0","0","0","0","0","0","0","0","0","0","0","0","1","0","1","0","0","0","0","1","1","1","0","1","0","0","1","1","0","1","1","0","0","1","1","1","1","0","1","1","1","1","0","0","0","0","1","1","1","1","0","1","0","0","1","0","0","1","1","1","1","1","0","1","0","1","0","0","1","0","1","1","0","0","0","1","0","0","1","1","1","0","1","1","0","1","0","1","1"
"http://www.imprenta.gov.co/gacetap/gaceta.mostrar_texto?p_tipo=02&p_numero=29&p_consec=43859","senado","29","11","noviembre","2015","0","1","1","1","0","1","1","1","1","1","1","1","1","1","1","1","1","1","1","1","1","1","1","1","1","1","1","1","1","1","1","1","1","1","1","1","1","1","1","1","1","1","1","1","1","1","1","1","0","1","1","1","1","1","1","1","1","0","1","1","1","1","0","1","1","0","1","1","1","1","1","1","1","1","1","1","1","1","1","1","1","1","1","1","1","1","0","1","1","1","1","0","1","1","1","1","1","1","1","1","1","1"
"http://www.imprenta.gov.co/gacetap/gaceta.mostrar_texto?p_tipo=02&p_numero=30&p_consec=43863","senado","30","19","noviembre","2015","1","1","1","1","0","1","1","1","1","1","1","1","0","1","1","1","1","1","1","1","1","1","0","1","1","1","1","1","1","1","1","1","1","1","1","1","1","1","1","1","1","1","1","1","1","1","1","1","1","1","1","1","1","1","1","0","1","1","1","1","1","1","1","1","1","0","1","1","1","0","0","1","1","1","1","1","1","0","1","1","1","1","1","1","1","1","1","1","1","1","1","0","1","0","1","1","1","1","1","1","1","1"
"http://www.imprenta.gov.co/gacetap/gaceta.mostrar_texto?p_tipo=02&p_numero=45&p_consec=44301","senado","45","16","marzo","2016","1","1","1","1","0","1","1","1","1","1","1","1","1","1","0","1","1","1","1","1","1","1","1","1","1","1","1","1","1","1","1","1","1","1","1","1","1","1","1","1","1","1","0","1","1","1","0","1","1","1","0","1","1","1","1","1","0","0","1","0","1","1","1","1","1","0","1","1","1","0","1","1","1","1","1","1","1","1","1","1","1","1","1","1","0","1","1","1","1","1","1","1","0","1","1","1","1","1","1","1","1","1"
"http://www.imprenta.gov.co/gacetap/gaceta.mostrar_texto?p_tipo=02&p_numero=46&p_consec=44302","senado","46","29","marzo","2016","1","1","1","1","0","1","1","1","1","0","1","1","1","1","1","1","1","1","1","1","1","1","1","1","1","1","1","1","1","1","1","1","1","1","1","1","1","1","1","1","1","1","1","1","1","1","1","1","1","1","1","1","1","1","1","1","1","1","1","1","1","1","1","1","1","0","1","1","1","1","1","1","1","1","1","1","1","1","1","1","1","1","1","1","1","1","1","1","1","1","1","1","0","1","1","1","1","1","1","1","1","1"
"http://www.imprenta.gov.co/gacetap/gaceta.mostrar_texto?p_tipo=02&p_numero=31&p_consec=43867","senado","31","24","noviembre","2015","1","1","1","1","0","1","1","1","1","1","1","1","1","1","1","1","1","1","1","1","1","1","1","1","1","1","1","1","1","0","1","1","1","1","1","1","1","1","1","1","1","1","1","1","1","1","1","1","1","1","1","1","1","1","1","1","1","1","1","1","1","1","1","1","1","0","1","1","1","1","1","1","1","1","1","1","1","1","1","1","1","1","1","1","1","1","1","1","1","1","1","1","1","1","1","0","1","1","1","1","1","1"
"http://www.imprenta.gov.co/gacetap/gaceta.mostrar_texto?p_tipo=02&p_numero=20&p_consec=41245","senado","20","16","octubre","2014","1","1","1","1","1","1","1","1","1","1","1","1","1","1","1","1","1","1","1","1","1","1","1","1","1","0","0","1","1","1","1","1","1","1","1","1","1","1","1","1","1","1","1","1","1","1","1","1","1","1","1","0","1","1","1","1","1","1","1","0","1","1","0","1","1","1","1","1","1","1","1","1","0","1","1","1","1","1","0","1","0","1","1","1","1","1","0","1","1","1","1","1","1","1","1","0","1","0","1","1","1","1"
"http://www.imprenta.gov.co/gacetap/gaceta.mostrar_texto?p_tipo=02&p_numero=47&p_consec=44303","senado","47","04","abril","2016","0","1","1","1","0","1","1","1","1","1","1","1","1","1","1","1","1","1","1","1","1","1","1","1","1","1","1","1","1","0","1","1","1","1","1","1","1","1","1","1","1","1","0","1","1","1","1","1","0","1","1","1","1","1","1","1","1","1","1","1","1","1","1","1","1","0","1","1","1","1","1","1","1","1","1","1","1","1","1","1","1","1","1","1","1","1","1","1","1","1","1","1","0","0","1","1","1","1","1","1","1","1"
"http://www.imprenta.gov.co/gacetap/gaceta.mostrar_texto?p_tipo=02&p_numero=33&p_consec=43854","senado","33","01","diciembre","2015","0","1","1","1","0","1","1","1","1","1","1","1","1","1","1","1","1","1","1","1","1","1","1","1","1","1","1","1","1","1","1","1","1","1","1","1","1","1","1","1","1","1","1","1","1","1","1","1","1","1","1","1","1","1","1","1","1","1","1","1","1","1","1","1","1","0","1","1","1","1","1","1","1","1","1","1","1","1","1","1","0","1","1","1","1","1","1","1","1","1","1","1","1","1","1","1","0","1","1","1","1","1"
"http://www.imprenta.gov.co/gacetap/gaceta.mostrar_texto?p_tipo=02&p_numero=21&p_consec=41246","senado","21","21","octubre","2014","1","1","1","1","1","1","0","1","1","1","1","1","1","1","1","1","1","1","1","1","1","1","1","1","1","1","1","1","1","0","1","1","1","1","1","1","1","1","1","1","1","1","1","1","1","1","1","1","1","1","1","1","1","1","1","1","1","1","1","1","1","1","1","1","1","0","1","1","1","1","1","1","1","1","1","1","1","1","1","1","1","1","1","1","1","1","0","1","1","1","1","1","1","1","1","1","1","1","1","1","1","1"
"http://www.imprenta.gov.co/gacetap/gaceta.mostrar_texto?p_tipo=02&p_numero=34&p_consec=43853","senado","34","02","diciembre","2015","1","1","1","1","0","0","1","1","1","1","1","1","1","1","1","1","1","1","1","1","1","1","1","1","1","1","1","1","1","1","1","1","0","1","1","1","1","1","1","1","1","1","1","1","1","1","1","1","1","1","1","1","1","1","1","1","1","1","1","1","1","1","1","1","1","0","1","1","1","1","1","1","1","1","1","0","1","1","1","1","0","1","1","1","1","1","1","1","1","1","1","1","1","1","1","1","0","1","1","1","1","1"
"http://www.imprenta.gov.co/gacetap/gaceta.mostrar_texto?p_tipo=02&p_numero=22&p_consec=41258","senado","22","22","octubre","2014","1","1","1","0","1","1","0","1","1","1","1","1","1","1","1","1","1","1","1","1","1","1","1","1","1","1","1","1","1","0","1","1","1","1","1","1","1","1","1","1","1","1","1","1","1","1","1","1","1","0","1","1","1","1","1","1","1","1","1","1","1","1","1","1","1","1","1","1","1","1","1","1","1","1","1","1","1","1","1","1","1","1","1","1","1","1","0","1","1","1","1","1","1","1","1","1","1","1","1","1","1","0"
"http://www.imprenta.gov.co/gacetap/gaceta.mostrar_texto?p_tipo=02&p_numero=23&p_consec=41270","senado","23","28","octubre","2014","1","1","1","0","1","1","1","1","1","1","1","1","1","1","1","1","1","1","1","1","1","1","1","1","1","1","1","1","1","1","1","1","1","1","1","1","1","1","1","1","1","1","1","1","1","1","1","1","1","1","1","1","1","1","1","1","1","1","1","1","1","1","1","0","1","1","1","1","1","1","1","1","1","1","1","1","1","1","0","1","0","1","1","1","1","1","1","1","1","1","1","1","1","1","1","1","1","1","1","1","1","1"
"http://www.imprenta.gov.co/gacetap/gaceta.mostrar_texto?p_tipo=02&p_numero=46&p_consec=39271","senado","46","22","abril","2014","0","1","1","0","0","0","0","0","0","0","0","0","0","0","0","0","0","0","0","0","0","0","0","0","0","1","0","1","0","0","0","0","1","1","1","1","0","0","0","1","1","0","1","1","0","0","1","1","1","1","0","1","1","1","1","0","0","0","0","1","1","0","1","1","0","1","0","1","1","0","1","1","1","1","1","0","1","0","1","0","0","1","0","1","1","1","0","0","1","0","0","1","1","1","0","1","1","0","1","0","1","1"
"http://www.imprenta.gov.co/gacetap/gaceta.mostrar_texto?p_tipo=02&p_numero=47&p_consec=39269","senado","47","23","abril","2014","0","1","1","0","0","0","0","0","0","0","0","0","0","0","0","0","0","0","0","0","0","0","0","0","0","1","0","1","0","0","0","0","1","1","1","1","0","0","0","1","1","0","1","1","0","0","1","1","1","1","0","1","1","1","1","0","0","0","0","0","1","1","1","1","0","1","0","1","1","0","1","1","1","1","1","0","0","0","1","0","0","1","0","1","1","1","0","0","0","0","0","1","1","1","0","1","1","0","1","0","1","1"
"http://www.imprenta.gov.co/gacetap/gaceta.mostrar_texto?p_tipo=02&p_numero=48&p_consec=39270","senado","48","29","abril","2014","0","1","1","0","0","0","0","0","0","0","0","0","0","0","0","0","0","0","0","0","0","0","0","0","0","1","0","1","0","0","0","0","1","1","1","1","0","0","0","1","1","0","0","1","0","0","1","1","0","1","0","1","1","1","1","0","0","0","0","1","1","1","1","1","0","0","0","1","1","0","1","1","1","1","1","0","1","0","1","0","0","1","0","1","1","1","0","0","1","0","0","1","1","1","0","1","1","0","1","0","1","1"
"http://www.imprenta.gov.co/gacetap/gaceta.mostrar_texto?p_tipo=02&p_numero=32&p_consec=43857","senado","32","25","noviembre","2015","1","1","1","1","0","1","1","1","1","1","1","1","1","1","1","1","1","1","1","1","1","1","1","1","1","1","1","1","0","0","1","1","1","1","1","1","1","1","1","1","1","1","1","1","1","1","1","1","0","1","1","1","1","1","1","1","1","1","1","1","1","1","1","1","1","0","1","1","1","1","0","1","1","1","1","1","1","1","1","1","1","1","1","1","1","1","1","1","1","1","1","1","1","1","1","0","1","1","1","1","1","1"
"http://www.imprenta.gov.co/gacetap/gaceta.mostrar_texto?p_tipo=02&p_numero=24&p_consec=41247","senado","24","29","octubre","2014","1","1","1","1","1","1","1","1","1","1","1","1","1","1","1","1","1","1","1","1","1","1","1","1","1","1","1","1","1","1","1","1","0","1","1","1","1","1","1","1","1","1","1","1","0","1","1","1","1","1","1","1","1","1","1","1","1","1","1","1","1","1","1","1","1","1","1","1","1","0","0","1","1","1","1","1","1","1","0","1","0","1","1","1","1","1","1","1","1","1","1","1","1","1","1","0","1","1","1","1","1","1"
"http://www.imprenta.gov.co/gacetap/gaceta.mostrar_texto?p_tipo=02&p_numero=48&p_consec=44418","senado","48","05","abril","2016","1","1","1","1","0","1","1","1","1","1","1","1","1","1","1","1","1","1","1","1","1","1","1","1","1","1","1","1","1","0","1","1","1","1","1","1","1","1","1","1","1","1","0","1","1","1","1","1","0","1","1","1","1","1","1","1","1","1","1","1","1","1","1","1","1","0","1","1","1","1","1","1","1","1","1","1","1","1","1","1","1","1","1","1","1","1","1","1","1","1","0","1","0","1","1","1","1","1","1","1","1","1"
"http://www.imprenta.gov.co/gacetap/gaceta.mostrar_texto?p_tipo=02&p_numero=49&p_consec=44430","senado","49","12","abril","2016","1","1","1","1","0","1","1","1","1","1","1","1","1","1","1","1","1","1","1","1","1","1","1","0","1","1","1","1","1","0","1","1","1","1","1","1","1","1","1","1","1","1","1","1","1","1","1","1","1","1","1","1","1","1","1","1","1","1","1","0","1","1","1","1","1","0","1","1","1","0","0","1","1","1","1","1","1","1","1","0","1","1","1","1","1","1","1","1","1","1","1","1","1","1","1","1","1","1","1","1","1","1"
"http://www.imprenta.gov.co/gacetap/gaceta.mostrar_texto?p_tipo=02&p_numero=50&p_consec=44431","senado","50","13","abril","2016","1","1","1","1","0","1","1","1","1","1","1","1","1","1","1","1","1","1","1","1","1","1","1","0","1","1","1","1","1","1","1","1","1","1","1","1","1","1","1","1","1","1","1","1","1","1","1","1","1","1","1","1","1","1","1","1","1","1","1","1","1","1","1","1","1","0","0","1","1","1","1","1","1","1","1","1","1","1","1","1","1","1","1","1","1","1","1","1","1","1","1","1","0","1","1","0","1","1","1","1","1","1"
"http://www.imprenta.gov.co/gacetap/gaceta.mostrar_texto?p_tipo=02&p_numero=49&p_consec=39343","senado","49","06","mayo","2014","0","1","1","0","0","0","0","0","0","0","0","0","0","0","0","0","0","0","0","0","0","0","0","0","0","1","0","1","0","0","0","0","1","1","0","1","1","0","0","1","1","0","0","1","0","0","1","1","1","1","0","1","1","1","1","0","0","0","0","1","1","1","1","1","0","1","0","1","1","0","1","1","1","1","1","0","1","0","1","0","0","0","0","1","1","1","0","0","1","0","0","1","1","1","0","1","1","0","1","0","0","1"
"http://www.imprenta.gov.co/gacetap/gaceta.mostrar_texto?p_tipo=02&p_numero=50&p_consec=39379","senado","50","07","mayo","2014","0","1","1","0","0","0","0","0","0","0","0","0","0","0","0","0","0","0","0","0","0","0","0","0","0","1","0","1","0","0","0","0","1","1","1","1","1","0","0","1","1","0","0","1","0","0","1","1","1","1","0","1","1","0","1","0","0","0","0","1","1","1","1","1","0","1","0","1","1","0","1","1","1","1","1","0","1","0","1","0","0","1","0","1","1","1","0","0","1","0","0","1","1","1","0","1","1","0","1","0","1","1"
"http://www.imprenta.gov.co/gacetap/gaceta.mostrar_texto?p_tipo=02&p_numero=51&p_consec=39380","senado","51","13","mayo","2014","0","1","1","0","0","0","0","0","0","0","0","0","0","0","0","0","0","0","0","0","0","0","0","0","0","1","0","0","0","0","0","0","1","1","1","1","1","0","0","1","1","0","1","1","0","0","1","0","1","1","0","1","1","0","1","0","0","0","0","1","1","1","0","1","1","1","0","1","1","0","1","1","1","1","1","0","1","0","1","0","0","1","0","1","1","0","0","0","1","0","0","1","1","1","0","1","1","0","0","0","1","1"
"http://www.imprenta.gov.co/gacetap/gaceta.mostrar_texto?p_tipo=02&p_numero=52&p_consec=39444","senado","52","14","mayo","2014","0","1","1","0","0","0","0","0","0","0","0","0","0","0","0","0","0","0","0","0","0","0","0","0","0","1","0","0","0","0","0","0","1","1","1","1","1","0","0","1","1","0","1","1","0","0","1","1","1","1","0","0","1","1","1","0","0","0","0","1","1","1","0","1","1","1","0","1","1","0","1","1","1","0","1","0","1","0","1","0","0","1","0","1","1","0","0","0","1","0","0","1","1","1","0","1","1","0","0","0","1","1"
"http://www.imprenta.gov.co/gacetap/gaceta.mostrar_texto?p_tipo=02&p_numero=53&p_consec=39445","senado","53","20","junio","2014","0","1","1","0","0","0","0","0","0","0","0","0","0","0","0","0","0","0","0","0","0","0","0","0","0","1","0","1","0","0","0","0","1","1","1","1","1","0","0","1","1","0","1","0","0","0","1","1","1","1","0","0","1","1","1","0","0","0","0","1","0","1","1","1","1","1","0","1","1","0","1","1","1","1","1","0","1","0","1","0","0","1","0","1","1","1","0","0","1","0","0","1","1","1","0","1","1","0","1","0","1","1"
"http://www.imprenta.gov.co/gacetap/gaceta.mostrar_texto?p_tipo=02&p_numero=54&p_consec=39446","senado","54","27","junio","2014","0","1","1","0","0","0","0","0","0","0","0","0","0","0","0","0","0","0","0","0","0","0","0","0","0","1","0","1","0","0","0","0","1","1","1","1","1","0","0","1","1","0","1","1","0","0","1","1","0","1","0","1","1","1","1","0","0","0","0","1","1","1","1","1","0","1","0","1","1","0","1","1","1","1","1","0","1","0","1","0","0","1","0","1","1","0","0","0","1","0","0","1","1","1","0","1","1","0","1","0","1","1"
"http://www.imprenta.gov.co/gacetap/gaceta.mostrar_texto?p_tipo=02&p_numero=55&p_consec=39547","senado","55","03","junio","2014","0","1","1","0","0","0","0","0","0","0","0","0","0","0","0","0","0","0","0","0","0","0","0","0","0","1","0","1","0","0","0","0","1","1","1","1","1","0","0","1","1","0","0","1","0","0","1","1","1","1","0","1","1","1","1","0","0","0","0","1","1","1","0","1","1","1","0","1","1","0","1","1","1","1","1","0","1","0","1","0","0","1","0","1","1","0","0","0","1","0","0","1","1","1","0","1","1","0","1","0","1","1"
"http://www.imprenta.gov.co/gacetap/gaceta.mostrar_texto?p_tipo=02&p_numero=56&p_consec=39653","senado","56","16","junio","2014","0","1","1","0","0","0","0","0","0","0","0","0","0","0","0","0","0","0","0","0","0","0","0","0","0","1","0","1","0","0","0","0","1","1","0","1","1","0","0","1","1","0","1","1","0","0","1","0","1","1","0","1","1","1","1","0","0","0","0","1","1","1","1","1","1","1","0","1","1","0","1","1","1","1","1","0","1","0","1","0","0","0","0","1","1","1","0","0","1","0","0","1","1","1","0","1","1","0","1","0","1","1"
"http://www.imprenta.gov.co/gacetap/gaceta.mostrar_texto?p_tipo=02&p_numero=57&p_consec=39655","senado","57","17","junio","2014","0","1","1","0","0","0","0","0","0","0","0","0","0","0","0","0","0","0","0","0","0","0","0","0","0","1","0","1","0","0","0","0","1","1","0","1","1","0","0","1","1","0","1","1","0","0","1","0","1","1","0","1","1","1","1","0","0","0","0","1","1","1","1","1","1","1","0","1","1","0","1","1","1","1","1","0","1","0","1","0","0","0","0","1","1","1","0","0","1","0","0","1","1","1","0","1","1","0","1","0","1","1"
"http://www.imprenta.gov.co/gacetap/gaceta.mostrar_texto?p_tipo=02&p_numero=58&p_consec=39679","senado","58","18","junio","2014","0","1","1","0","0","0","0","0","0","0","0","0","0","0","0","0","0","0","0","0","0","0","0","0","0","1","0","1","0","0","0","0","1","1","1","1","1","0","0","1","1","0","1","1","0","0","1","0","1","1","0","1","1","1","1","0","0","0","0","1","1","1","1","1","1","1","0","1","1","0","1","1","1","1","1","0","1","0","1","0","0","1","0","1","1","1","0","0","1","0","0","1","1","1","0","1","1","0","1","0","1","1"
"http://www.imprenta.gov.co/gacetap/gaceta.mostrar_texto?p_tipo=02&p_numero=35&p_consec=41968","senado","35","10","diciembre","2014","1","1","1","0","1","1","1","1","1","1","1","1","1","1","1","1","1","1","1","1","1","1","1","1","1","1","1","1","1","1","1","1","1","1","1","1","1","1","1","1","1","1","1","1","1","1","1","1","1","1","1","1","1","1","1","1","1","1","1","1","1","1","1","1","1","1","1","1","1","1","1","1","1","1","1","1","1","1","1","1","1","1","1","1","1","1","1","1","1","1","1","1","1","1","1","1","1","1","1","1","1","1"
"http://www.imprenta.gov.co/gacetap/gaceta.mostrar_texto?p_tipo=02&p_numero=39&p_consec=41967","senado","39","06","febrero","2015","1","1","1","1","0","1","1","1","1","1","1","1","1","1","1","1","0","1","1","1","1","1","1","1","0","1","1","1","1","1","1","1","0","1","1","1","1","1","1","1","1","1","0","1","0","1","1","1","1","1","1","1","1","1","1","1","1","1","0","1","1","1","1","1","1","0","1","1","1","0","0","1","1","1","1","1","1","1","1","1","1","1","0","1","1","1","1","1","0","1","1","1","1","1","1","1","1","0","1","1","1","1"
"http://www.imprenta.gov.co/gacetap/gaceta.mostrar_texto?p_tipo=02&p_numero=40&p_consec=41969","senado","40","10","febrero","2015","1","1","1","1","0","1","1","1","1","1","1","1","1","1","1","1","1","1","1","1","1","1","1","1","1","1","1","1","1","1","1","1","1","1","1","1","1","1","1","1","1","1","0","1","0","1","1","1","1","1","1","1","1","1","1","1","1","1","1","1","1","1","0","1","1","0","1","1","1","0","1","1","1","1","1","1","1","1","1","1","1","1","0","1","1","1","1","1","1","1","1","1","0","1","1","1","1","1","1","1","1","1"
"http://www.imprenta.gov.co/gacetap/gaceta.mostrar_texto?p_tipo=02&p_numero=41&p_consec=41973","senado","41","17","marzo","2015","1","1","1","1","0","1","1","1","1","1","1","1","1","1","1","1","1","1","1","1","1","1","1","1","1","1","1","1","1","1","1","1","1","1","1","1","1","1","1","1","1","1","1","1","1","1","1","1","1","1","1","1","1","1","1","1","1","1","1","1","1","1","1","1","1","0","1","1","1","1","0","1","1","1","1","1","1","1","1","1","1","1","1","1","1","1","1","1","1","1","1","1","1","1","1","1","1","1","1","1","1","1"
"http://www.imprenta.gov.co/gacetap/gaceta.mostrar_texto?p_tipo=02&p_numero=42&p_consec=41971","senado","42","24","marzo","2015","1","1","1","1","0","1","1","1","1","1","1","1","1","1","1","1","1","1","1","1","1","1","1","1","1","1","1","0","1","1","1","1","1","1","1","1","1","1","1","1","1","1","1","1","1","1","1","1","1","1","1","1","1","1","1","1","0","1","1","1","1","1","1","0","1","0","1","1","1","1","0","1","1","1","1","1","1","1","1","1","1","1","1","1","1","1","1","1","1","1","1","1","1","1","1","1","1","1","1","1","1","1"
"http://www.imprenta.gov.co/gacetap/gaceta.mostrar_texto?p_tipo=02&p_numero=38&p_consec=43870","senado","38","14","diciembre","2015","1","1","1","1","0","1","1","1","1","1","1","1","1","1","0","1","1","1","1","1","1","1","1","1","1","1","1","0","1","1","1","1","1","1","1","1","1","1","1","1","1","1","1","1","1","1","1","1","1","1","1","1","1","1","1","1","1","1","1","1","1","1","1","1","1","0","0","1","1","1","1","1","1","1","1","1","1","1","1","1","1","1","1","1","1","1","1","1","1","1","1","1","1","1","1","1","1","1","1","1","1","1"
"http://www.imprenta.gov.co/gacetap/gaceta.mostrar_texto?p_tipo=02&p_numero=35&p_consec=43871","senado","35","03","diciembre","2015","1","1","1","1","0","1","1","1","1","1","1","1","1","1","1","1","1","1","1","1","1","1","1","0","1","1","1","1","1","1","1","1","0","1","1","1","1","1","1","1","1","1","1","0","1","1","1","1","1","1","1","1","0","1","1","1","1","1","1","0","1","1","1","1","1","0","1","1","1","0","0","1","1","1","1","1","1","1","1","1","1","1","1","1","1","1","1","1","1","1","1","1","1","1","1","1","0","1","1","1","1","1"
"http://www.imprenta.gov.co/gacetap/gaceta.mostrar_texto?p_tipo=02&p_numero=37&p_consec=43872","senado","37","10","diciembre","2015","1","1","1","1","0","1","1","1","1","1","1","1","1","1","1","1","1","1","1","1","1","1","1","1","1","0","1","1","1","1","1","1","1","1","1","1","1","1","1","1","1","0","1","1","1","1","1","1","1","1","0","1","1","1","1","1","1","1","1","1","1","1","1","1","1","0","1","1","1","1","1","1","1","1","1","1","1","1","1","1","1","1","1","1","1","1","0","1","1","1","1","1","1","1","1","1","1","1","1","1","1","1"
"http://www.imprenta.gov.co/gacetap/gaceta.mostrar_texto?p_tipo=02&p_numero=01&p_consec=40104","senado","01","20","julio","2014","1","1","1","1","1","1","1","1","1","1","1","1","1","1","1","1","1","1","1","1","1","1","1","1","1","1","1","1","1","1","1","1","1","1","1","1","1","1","1","1","1","1","1","1","1","1","1","1","1","1","1","1","1","1","1","1","1","1","1","1","1","1","1","1","1","1","1","1","1","1","1","1","1","1","1","1","1","1","1","1","1","1","1","1","1","1","1","1","1","1","1","1","1","1","1","1","1","1","1","1","1","1"
"http://www.imprenta.gov.co/gacetap/gaceta.mostrar_texto?p_tipo=02&p_numero=02&p_consec=40133","senado","02","22","julio","2014","1","1","1","1","1","1","1","1","1","1","1","1","1","1","1","1","1","1","1","1","1","1","1","1","1","1","1","1","1","1","1","1","1","1","1","1","1","1","1","1","1","1","1","1","1","1","1","1","1","1","1","1","1","1","1","1","1","1","1","1","1","1","1","1","1","1","1","1","1","1","1","1","1","1","1","1","1","1","1","1","1","1","1","1","1","1","1","1","1","1","1","1","1","1","1","1","1","1","1","1","1","1"
"http://www.imprenta.gov.co/gacetap/gaceta.mostrar_texto?p_tipo=02&p_numero=43&p_consec=42204","senado","43","25","marzo","2015","1","1","1","1","0","1","1","1","1","1","1","1","1","1","1","1","1","1","1","1","1","1","1","1","1","1","1","0","1","0","1","1","1","1","1","1","1","1","1","1","1","1","1","1","1","1","1","1","1","1","0","1","0","1","1","1","0","1","1","1","1","1","1","1","1","0","1","1","1","1","0","1","1","0","1","1","1","1","1","1","1","1","1","1","1","1","1","1","1","1","1","1","1","1","1","0","1","1","1","1","1","1"
"http://www.imprenta.gov.co/gacetap/gaceta.mostrar_texto?p_tipo=02&p_numero=03&p_consec=40105","senado","03","29","julio","2014","1","1","1","1","1","1","1","1","1","1","1","1","1","1","1","1","1","1","1","1","1","1","1","1","1","1","1","1","1","1","1","1","1","1","1","1","1","1","1","1","1","1","1","1","1","1","1","1","1","1","1","0","1","1","1","1","1","1","1","1","1","1","1","1","1","1","1","1","1","1","1","1","1","1","1","1","1","1","1","1","1","1","1","1","1","1","1","1","1","1","1","1","1","1","1","1","1","1","1","1","1","1"
"http://www.imprenta.gov.co/gacetap/gaceta.mostrar_texto?p_tipo=02&p_numero=04&p_consec=40103","senado","04","30","julio","2014","1","1","1","1","1","1","1","1","1","1","1","1","1","1","1","1","1","1","1","1","1","1","1","1","1","1","1","1","1","1","1","1","1","1","1","1","1","1","1","0","1","1","1","1","1","1","1","1","1","1","1","1","1","1","1","1","1","1","1","1","1","1","1","1","1","1","1","1","1","1","1","1","1","1","1","1","1","1","1","1","1","1","1","1","1","1","1","1","1","1","1","1","1","1","1","1","1","1","1","1","1","1"
"http://www.imprenta.gov.co/gacetap/gaceta.mostrar_texto?p_tipo=02&p_numero=36&p_consec=42250","senado","36","11","diciembre","2014","1","1","1","0","1","1","1","1","1","1","1","1","1","1","1","1","1","1","1","1","1","1","1","1","1","1","1","1","1","1","1","1","1","1","1","1","1","0","1","1","1","1","1","1","1","1","1","1","1","1","0","1","1","1","1","1","1","1","1","1","1","1","1","1","1","1","1","1","1","1","1","1","1","1","1","1","1","1","1","1","1","1","1","1","1","1","1","1","1","1","1","1","1","1","1","1","1","1","1","1","1","1"
"http://www.imprenta.gov.co/gacetap/gaceta.mostrar_texto?p_tipo=02&p_numero=44&p_consec=42210","senado","44","07","abril","2015","1","1","1","1","0","1","1","1","1","1","1","1","1","1","1","1","1","1","1","1","1","1","1","1","1","1","1","1","1","0","1","1","1","1","1","1","1","1","1","1","1","1","1","1","1","1","1","1","1","1","1","1","0","1","1","1","1","1","1","1","1","1","1","1","1","0","1","1","1","1","1","1","1","1","1","1","1","1","1","1","1","1","1","1","1","1","1","1","1","1","1","1","1","1","1","1","1","1","1","1","1","1"
"http://www.imprenta.gov.co/gacetap/gaceta.mostrar_texto?p_tipo=02&p_numero=45&p_consec=42259","senado","45","14","abril","2015","1","1","1","1","0","1","1","1","1","1","1","1","1","1","1","1","1","1","1","1","1","1","1","1","1","1","1","1","1","1","1","1","1","1","1","1","1","1","1","1","1","1","1","1","1","1","1","1","1","1","1","1","1","1","1","1","1","1","1","1","1","1","1","1","1","0","1","1","1","1","1","1","1","1","1","1","1","1","1","1","1","1","1","1","1","1","1","1","1","1","1","1","1","1","1","1","1","1","1","1","1","1"
"http://www.imprenta.gov.co/gacetap/gaceta.mostrar_texto?p_tipo=02&p_numero=46&p_consec=42211","senado","46","15","abril","2015","1","1","1","1","0","1","1","1","1","1","1","1","1","1","1","1","1","1","1","1","1","1","1","1","1","1","1","1","1","1","1","1","1","1","1","1","1","1","1","1","1","1","1","1","1","1","1","1","1","1","1","1","1","1","1","1","1","1","1","1","1","1","1","1","1","0","1","1","1","1","1","1","1","1","1","1","1","1","1","1","1","1","1","1","1","1","1","1","1","1","1","1","1","1","1","1","1","1","1","1","1","1"
"http://www.imprenta.gov.co/gacetap/gaceta.mostrar_texto?p_tipo=02&p_numero=47&p_consec=42260","senado","47","21","abril","2015","1","1","1","1","0","1","1","1","1","1","1","1","1","1","1","1","1","1","1","1","1","1","1","1","1","1","1","1","1","1","1","1","1","1","1","1","1","1","1","1","1","1","1","1","1","1","1","1","1","1","1","1","1","1","1","1","1","1","1","1","1","1","1","1","1","0","1","1","1","1","1","1","1","1","1","1","1","1","1","1","1","1","1","1","1","1","1","1","1","1","1","1","1","1","1","1","1","1","1","1","1","1"
"http://www.imprenta.gov.co/gacetap/gaceta.mostrar_texto?p_tipo=02&p_numero=48&p_consec=42264","senado","48","22","abril","2015","1","1","1","1","0","1","1","1","1","1","1","1","1","1","1","1","1","1","1","1","1","1","1","1","1","1","1","1","1","1","1","1","1","1","1","1","1","1","1","1","1","1","1","1","1","1","1","1","1","1","1","1","1","1","1","1","1","1","1","1","1","1","1","1","1","0","1","1","1","1","1","1","1","1","1","1","1","1","1","1","1","1","1","1","1","1","1","1","1","1","1","1","1","1","1","1","1","1","1","1","1","1"
"http://www.imprenta.gov.co/gacetap/gaceta.mostrar_texto?p_tipo=02&p_numero=49&p_consec=42261","senado","49","23","abril","2015","1","1","1","1","0","1","1","1","0","1","1","1","1","1","1","1","1","1","1","1","1","1","1","1","1","1","1","1","1","1","1","1","0","1","1","1","1","1","1","1","0","1","0","1","1","1","1","1","1","1","0","1","1","1","1","1","0","1","1","1","1","1","1","1","1","0","1","1","1","1","0","1","1","1","1","0","1","0","1","1","1","1","1","1","1","1","1","1","1","1","1","1","1","1","1","0","0","1","1","1","1","1"
"http://www.imprenta.gov.co/gacetap/gaceta.mostrar_texto?p_tipo=02&p_numero=25&p_consec=41251","senado","25","04","noviembre","2014","1","1","1","1","1","1","1","1","1","1","1","1","1","1","1","1","1","1","1","1","1","1","1","1","1","1","1","1","1","1","1","1","1","1","0","1","1","1","1","1","1","1","1","1","1","1","1","0","1","1","1","1","1","1","1","1","1","1","1","1","1","1","1","1","1","1","1","0","1","0","1","1","1","1","1","1","1","1","1","1","0","1","1","1","1","1","1","1","1","1","1","1","1","1","1","1","1","1","1","0","1","1"
"http://www.imprenta.gov.co/gacetap/gaceta.mostrar_texto?p_tipo=02&p_numero=28&p_consec=41273","senado","28","12","noviembre","2014","1","1","1","1","1","1","1","1","0","1","1","1","1","1","1","1","1","1","1","1","1","1","1","1","1","0","1","0","1","1","1","1","1","1","1","1","1","1","1","0","1","0","1","1","0","0","1","1","1","1","1","1","0","1","1","0","1","1","1","1","1","0","1","0","1","1","1","1","0","0","1","1","1","1","1","1","1","1","1","1","1","1","1","1","1","1","1","1","1","1","1","1","1","1","1","1","1","1","1","0","1","0"
"http://www.imprenta.gov.co/gacetap/gaceta.mostrar_texto?p_tipo=02&p_numero=05&p_consec=40300","senado","05","05","agosto","2014","1","1","1","1","1","1","1","1","1","1","1","1","1","1","1","1","1","1","1","1","1","1","1","1","1","1","1","1","1","1","1","1","1","1","1","1","1","1","1","1","1","1","1","1","1","1","1","1","1","1","1","1","1","1","1","1","1","1","1","1","1","1","1","1","1","0","1","1","1","1","1","1","1","1","1","1","1","1","0","1","1","1","1","1","1","1","1","1","1","1","1","1","1","1","1","1","1","1","1","1","1","1"
"http://www.imprenta.gov.co/gacetap/gaceta.mostrar_texto?p_tipo=02&p_numero=06&p_consec=40271","senado","06","12","agosto","2014","1","1","1","1","1","1","1","1","1","1","1","1","1","0","1","1","1","1","1","1","1","1","1","1","1","1","1","1","1","1","1","1","1","1","1","1","1","1","1","1","1","1","1","1","1","1","1","1","1","1","1","1","1","1","1","1","1","1","1","1","1","1","1","1","1","1","1","1","1","1","1","1","1","1","1","1","1","1","0","1","1","1","1","1","1","1","1","1","1","1","1","1","1","1","1","1","1","1","1","1","1","1"
"http://www.imprenta.gov.co/gacetap/gaceta.mostrar_texto?p_tipo=02&p_numero=50&p_consec=42444","senado","50","27","abril","2015","1","1","1","1","0","1","0","1","1","1","1","1","1","1","1","1","1","1","1","1","1","1","1","1","1","1","1","1","1","1","1","1","1","1","1","1","1","1","1","1","1","1","0","1","1","1","1","1","1","1","1","1","1","1","1","1","1","1","1","1","1","1","1","1","1","0","1","1","1","1","1","1","1","1","1","1","1","1","1","1","1","1","1","1","1","1","1","1","1","1","1","1","1","1","1","1","1","0","1","1","1","1"
"http://www.imprenta.gov.co/gacetap/gaceta.mostrar_texto?p_tipo=02&p_numero=58&p_consec=42437","senado","58","13","mayo","2015","1","1","1","1","0","1","1","1","1","0","1","1","1","1","1","1","1","1","1","1","1","1","1","1","1","1","0","1","1","1","1","1","1","1","1","1","1","1","1","1","1","1","1","1","0","1","1","1","1","1","1","1","1","1","1","1","1","1","1","0","1","1","1","1","1","0","1","1","1","1","1","1","1","1","1","1","1","1","1","1","1","1","1","1","1","1","1","1","1","1","1","1","1","1","1","1","1","1","1","1","0","1"
"http://www.imprenta.gov.co/gacetap/gaceta.mostrar_texto?p_tipo=02&p_numero=59&p_consec=42501","senado","59","19","mayo","2015","1","1","1","1","0","1","1","1","1","1","1","1","1","1","1","1","1","1","1","1","1","1","1","1","1","1","1","1","1","1","1","1","1","1","1","1","1","1","1","1","0","1","0","1","1","1","1","1","1","0","1","1","1","1","1","1","1","1","1","1","1","1","1","1","1","0","1","1","1","0","1","0","0","1","1","1","1","1","1","1","1","1","1","1","1","1","1","0","1","1","1","1","1","1","1","1","1","1","1","1","1","1"
"http://www.imprenta.gov.co/gacetap/gaceta.mostrar_texto?p_tipo=02&p_numero=61&p_consec=42486","senado","61","26","mayo","2015","1","1","1","1","0","1","1","1","1","1","1","1","1","1","1","0","1","1","1","1","1","1","1","1","1","1","1","1","1","1","1","1","1","1","1","1","1","1","1","1","1","1","1","1","1","1","1","1","1","1","1","1","1","1","1","1","1","0","1","1","1","1","1","1","1","0","1","1","1","1","1","1","1","1","1","1","1","1","1","1","1","1","1","1","1","1","1","1","1","1","1","1","1","1","1","1","1","1","1","1","1","1"
"http://www.imprenta.gov.co/gacetap/gaceta.mostrar_texto?p_tipo=02&p_numero=07&p_consec=41314","senado","07","26","agosto","2014","1","1","1","1","1","1","1","1","1","1","1","1","1","1","1","1","1","1","1","1","1","1","1","1","1","1","1","1","1","0","1","1","1","1","1","1","1","1","1","1","1","1","0","1","1","1","1","1","1","1","1","1","1","1","1","1","1","1","1","1","1","1","1","1","1","1","1","1","1","1","1","1","1","1","1","1","1","1","1","1","1","1","1","1","1","1","1","1","1","1","1","1","1","1","1","1","1","1","1","1","1","1"
"http://www.imprenta.gov.co/gacetap/gaceta.mostrar_texto?p_tipo=02&p_numero=56&p_consec=42489","senado","56","06","mayo","2015","1","1","1","1","0","1","1","1","1","1","1","1","1","1","1","1","1","1","1","1","1","1","1","1","1","1","1","1","1","1","1","1","1","1","1","1","1","1","1","1","1","1","1","1","1","1","1","1","1","1","1","1","1","1","1","1","1","1","1","1","1","1","1","0","1","0","1","1","1","1","1","1","1","1","1","1","1","1","1","1","1","1","1","1","1","1","1","1","1","1","1","1","1","1","1","1","1","1","1","1","1","1"
"http://www.imprenta.gov.co/gacetap/gaceta.mostrar_texto?p_tipo=02&p_numero=57&p_consec=42487","senado","57","12","","2015","1","1","1","1","0","1","1","1","1","1","1","1","1","1","1","1","1","1","1","1","1","1","1","1","1","0","0","1","1","0","1","1","1","1","1","1","1","1","1","1","1","1","1","1","0","1","1","1","1","1","1","1","1","1","1","1","1","1","1","0","1","1","0","1","1","0","1","1","1","1","0","1","1","1","1","1","1","1","1","1","1","1","1","1","1","1","1","1","1","1","1","1","1","1","1","1","1","1","1","1","1","1"
"http://www.imprenta.gov.co/gacetap/gaceta.mostrar_texto?p_tipo=02&p_numero=60&p_consec=42488","senado","60","20","","2015","1","1","1","1","0","1","1","1","1","1","1","1","1","1","1","1","1","1","1","1","1","1","1","1","1","1","1","0","1","0","1","1","1","1","1","1","1","1","1","1","0","1","0","1","1","1","0","0","1","0","1","1","1","1","1","1","1","1","1","1","1","1","1","1","1","0","0","1","1","0","1","1","0","1","1","1","1","1","1","1","1","1","1","1","1","1","1","1","0","1","1","1","1","1","1","1","1","1","1","1","1","1"
"http://www.imprenta.gov.co/gacetap/gaceta.mostrar_texto?p_tipo=02&p_numero=08&p_consec=40486","senado","08","02","septiembre","2014","1","1","1","1","1","1","1","1","1","1","1","1","1","1","1","1","1","1","1","1","1","1","1","1","1","1","1","1","1","1","1","1","1","1","0","1","1","1","1","1","1","1","0","1","1","1","1","1","1","1","1","1","1","1","1","1","0","1","1","1","1","1","0","0","1","1","1","1","1","1","1","1","1","1","1","1","1","1","0","1","1","1","1","1","1","1","1","1","1","1","1","1","1","1","1","1","1","1","1","1","1","1"
"http://www.imprenta.gov.co/gacetap/gaceta.mostrar_texto?p_tipo=02&p_numero=09&p_consec=40456","senado","09","03","septiembre","2014","1","1","1","1","0","1","1","1","0","0","1","1","1","0","1","1","1","1","1","1","1","1","1","1","1","1","1","1","1","1","1","1","1","1","1","1","1","1","1","1","1","1","0","1","0","1","1","1","1","1","1","1","1","1","1","1","0","1","1","1","1","1","1","0","0","0","1","1","1","1","1","1","1","1","1","1","1","1","0","1","1","1","1","1","1","1","1","1","0","1","1","1","1","1","1","1","1","1","1","0","1","1"
"http://www.imprenta.gov.co/gacetap/gaceta.mostrar_texto?p_tipo=02&p_numero=10&p_consec=40466","senado","10","09","septiembre","2014","1","1","1","1","1","1","1","1","1","1","1","1","1","1","1","1","1","1","1","1","1","1","1","1","1","1","1","1","1","1","1","1","1","1","1","1","1","1","1","1","1","1","0","1","0","1","1","1","1","1","1","1","1","1","1","1","1","1","1","1","1","1","0","1","1","1","1","1","1","1","1","1","1","1","1","1","1","1","1","1","1","1","1","1","1","1","1","1","1","1","1","1","1","1","1","1","1","1","1","1","1","1"
"http://www.imprenta.gov.co/gacetap/gaceta.mostrar_texto?p_tipo=02&p_numero=11&p_consec=40487","senado","11","10","septiembre","2014","1","1","1","1","0","1","1","1","1","1","1","1","1","1","1","1","1","1","1","1","1","1","1","1","1","1","1","0","0","1","1","1","1","1","1","1","1","1","1","1","1","1","0","1","0","1","1","1","1","1","1","1","1","1","1","0","1","1","1","1","1","1","1","1","1","1","1","1","1","1","1","1","1","1","1","1","1","1","1","1","1","1","1","1","1","1","1","1","1","1","1","1","1","1","1","1","1","1","1","1","1","1"
"http://www.imprenta.gov.co/gacetap/gaceta.mostrar_texto?p_tipo=02&p_numero=51&p_consec=42711","senado","51","28","abril","2015","1","1","1","1","0","1","0","1","1","1","1","1","1","1","1","1","1","1","1","1","1","1","1","1","1","1","1","1","1","1","1","1","1","1","1","1","1","1","1","1","1","1","1","1","1","1","1","1","1","1","0","1","1","1","1","1","1","1","1","1","1","1","1","1","1","0","1","1","1","1","1","1","1","1","1","1","1","1","1","1","1","1","1","1","1","1","1","1","1","1","1","1","1","1","1","1","1","0","1","1","1","1"
"http://www.imprenta.gov.co/gacetap/gaceta.mostrar_texto?p_tipo=02&p_numero=64&p_consec=42642","senado","64","03","junio","2015","1","1","1","1","0","1","1","1","1","1","1","1","1","1","1","1","1","1","1","1","1","1","1","1","1","1","1","1","1","1","0","1","0","1","1","1","1","1","1","1","1","1","1","1","1","1","1","1","1","1","1","1","1","1","1","1","1","1","1","0","1","1","0","1","1","0","1","1","1","1","0","0","1","1","0","0","1","1","1","0","1","1","1","1","1","1","1","1","1","1","1","1","1","1","1","0","1","1","1","1","1","1"
"http://www.imprenta.gov.co/gacetap/gaceta.mostrar_texto?p_tipo=02&p_numero=01&p_consec=42706","senado","01","20","julio","2015","1","1","1","1","0","1","1","1","1","1","1","1","1","1","1","1","1","1","1","1","1","1","1","1","1","1","1","1","1","0","1","1","1","1","1","1","1","1","1","1","1","1","1","1","1","1","1","1","1","1","1","1","1","1","1","1","1","1","1","1","1","1","1","1","1","0","1","1","1","1","1","1","1","1","1","1","1","1","1","1","1","1","1","1","1","1","0","1","1","1","1","1","1","1","1","1","1","1","1","1","1","1"
"http://www.imprenta.gov.co/gacetap/gaceta.mostrar_texto?p_tipo=02&p_numero=67&p_consec=42709","senado","67","16","junio","2015","1","1","1","1","0","1","1","1","1","1","1","1","1","1","1","1","1","1","1","1","1","1","1","1","1","1","1","1","1","1","1","1","1","1","1","1","1","1","1","1","1","0","0","1","1","1","1","1","1","1","1","1","1","1","1","1","1","1","1","0","1","1","1","1","1","0","1","1","1","1","1","1","1","1","1","1","1","1","1","0","1","1","1","1","1","1","0","1","1","1","1","1","1","1","1","1","1","1","1","1","1","1"
"http://www.imprenta.gov.co/gacetap/gaceta.mostrar_texto?p_tipo=02&p_numero=02&p_consec=42708","senado","02","21","julio","2015","1","1","1","1","0","1","1","1","1","1","1","1","1","1","1","1","1","1","1","1","1","1","1","1","1","1","1","1","1","1","1","1","1","1","1","1","1","1","1","1","1","1","1","1","1","1","1","1","1","1","1","1","1","1","1","1","1","1","1","1","1","1","1","1","1","0","1","1","1","1","1","1","1","1","1","1","1","1","1","1","1","1","1","1","1","1","0","0","1","1","1","1","1","1","1","1","1","1","1","1","1","1"
"http://www.imprenta.gov.co/gacetap/gaceta.mostrar_texto?p_tipo=02&p_numero=03&p_consec=42723","senado","03","28","julio","2015","1","1","1","1","0","1","1","1","1","1","1","1","1","1","1","1","1","1","1","1","1","1","1","1","1","1","1","1","1","1","1","1","1","1","1","1","1","1","1","1","1","1","1","1","0","1","1","1","1","1","1","1","1","1","1","1","1","1","1","1","1","1","1","1","1","0","0","1","1","1","1","1","1","1","1","1","1","1","1","1","1","1","1","1","1","0","1","1","1","1","1","1","1","1","1","1","1","1","1","1","1","1"
"http://www.imprenta.gov.co/gacetap/gaceta.mostrar_texto?p_tipo=02&p_numero=04&p_consec=42707","senado","04","29","julio","2015","1","1","1","1","0","1","1","1","1","1","1","1","1","1","1","1","1","1","1","1","1","1","1","1","0","1","1","1","1","0","1","1","1","1","1","1","1","1","1","1","1","1","1","1","0","1","1","1","1","1","1","0","1","1","1","1","1","1","1","1","1","1","1","1","1","0","1","1","1","1","1","1","1","1","1","1","1","1","1","1","1","1","1","1","1","1","1","1","1","1","1","1","1","1","1","1","1","1","1","1","1","1"
"http://www.imprenta.gov.co/gacetap/gaceta.mostrar_texto?p_tipo=02&p_numero=63&p_consec=42730","senado","63","02","junio","2015","1","1","1","1","0","1","1","1","1","1","1","1","1","1","1","1","1","1","1","1","1","1","1","0","1","1","1","1","1","1","1","1","0","1","1","1","1","1","1","1","1","1","1","1","1","1","1","1","1","1","1","1","1","1","1","1","1","1","1","1","1","1","1","1","1","0","1","1","1","1","0","0","1","1","1","0","1","1","1","1","1","1","1","1","1","1","1","1","1","1","1","1","1","1","1","0","1","1","1","1","1","1"
"http://www.imprenta.gov.co/gacetap/gaceta.mostrar_texto?p_tipo=02&p_numero=65&p_consec=42731","senado","65","09","junio","2015","1","1","1","1","0","1","1","1","1","1","1","1","1","1","1","1","1","1","1","1","1","1","1","1","1","1","1","0","1","1","1","1","1","1","1","1","1","1","1","1","1","1","0","1","1","1","1","1","1","1","1","1","1","1","1","1","1","1","1","1","1","1","1","1","1","0","1","1","1","1","1","1","1","1","1","1","1","1","1","0","1","1","1","1","1","1","1","1","1","1","1","1","1","1","1","0","1","0","1","1","1","1"
"http://www.imprenta.gov.co/gacetap/gaceta.mostrar_texto?p_tipo=02&p_numero=12&p_consec=40589","senado","12","16","septiembre","2014","1","1","1","1","0","1","1","1","1","1","1","1","1","1","1","1","1","1","1","1","1","1","1","1","1","1","1","1","1","1","1","1","1","1","1","1","1","1","1","1","1","1","0","0","1","1","1","1","1","1","0","1","1","1","1","0","1","1","1","1","1","1","0","1","1","1","1","1","1","1","1","1","1","1","1","1","1","1","1","1","1","1","1","1","1","1","1","1","1","1","1","1","1","1","1","1","1","1","1","1","1","1"
"http://www.imprenta.gov.co/gacetap/gaceta.mostrar_texto?p_tipo=02&p_numero=13&p_consec=40588","senado","13","30","septiembre","2014","1","1","1","1","1","1","1","1","1","1","1","1","1","1","1","1","1","1","1","1","1","1","1","1","1","0","1","1","1","1","1","1","0","1","1","1","1","1","1","1","1","1","1","1","1","1","1","1","1","1","1","1","1","1","1","1","1","1","1","1","1","1","1","1","1","1","1","1","1","0","0","1","1","1","1","1","1","1","1","1","1","1","1","0","1","1","1","1","1","1","1","1","1","1","1","0","1","1","1","1","1","1"
"http://www.imprenta.gov.co/gacetap/gaceta.mostrar_texto?p_tipo=02&p_numero=36&p_consec=43977","senado","36","09","diciembre","2015","1","1","1","1","0","1","1","1","1","1","1","1","1","1","1","1","1","1","1","1","1","1","1","1","1","0","1","1","1","1","1","1","1","1","1","1","1","1","1","1","1","1","1","1","1","1","1","1","1","1","0","1","1","1","1","1","1","1","1","1","1","1","1","1","1","0","1","1","1","1","1","1","1","1","1","1","1","1","1","1","1","1","1","1","1","1","0","1","1","1","1","1","1","1","1","1","1","1","1","1","1","1"
"http://www.imprenta.gov.co/gacetap/gaceta.mostrar_texto?p_tipo=02&p_numero=37&p_consec=38869","senado","37","09","diciembre","2014","0","1","1","0","0","0","0","0","0","0","0","0","0","0","0","0","0","0","0","0","0","0","0","0","0","1","0","1","0","0","0","0","1","1","0","1","1","0","0","0","1","0","1","1","0","0","1","1","1","1","0","1","1","1","1","0","0","0","0","1","1","1","1","1","1","1","0","1","1","0","1","1","0","1","1","0","1","0","1","0","0","1","0","1","1","1","0","0","1","0","0","1","1","1","0","1","1","0","1","0","1","0"
"http://www.imprenta.gov.co/gacetap/gaceta.mostrar_texto?p_tipo=02&p_numero=41&p_consec=43966","senado","41","17","diciembre","2015","1","1","1","1","0","1","1","1","1","1","1","1","1","1","0","1","1","1","1","1","1","1","1","1","1","1","1","1","1","1","1","1","1","0","1","1","1","1","1","1","1","1","1","1","1","1","1","1","1","1","1","1","1","1","1","1","1","1","1","0","1","1","1","1","1","0","1","1","1","1","1","1","1","1","1","1","1","1","1","1","1","1","1","1","1","1","1","1","1","1","1","1","1","1","1","1","1","1","1","1","1","1"
"http://www.imprenta.gov.co/gacetap/gaceta.mostrar_texto?p_tipo=02&p_numero=52&p_consec=42860","senado","52","29","abril","2015","1","1","1","1","0","1","1","1","1","1","1","1","1","1","1","1","1","1","1","1","1","1","1","1","1","1","1","1","1","1","1","1","1","1","1","1","1","1","1","1","1","1","1","1","1","1","1","1","1","1","1","1","1","1","1","1","1","1","1","1","1","1","1","1","1","0","1","1","1","1","1","1","1","1","1","1","1","1","1","1","1","1","1","1","1","1","1","1","1","1","1","1","1","1","1","1","1","0","1","1","1","1"
"http://www.imprenta.gov.co/gacetap/gaceta.mostrar_texto?p_tipo=02&p_numero=53&p_consec=42863","senado","53","30","abril","2015","1","1","1","1","0","1","1","0","1","1","1","1","1","1","1","1","1","1","1","1","1","1","1","1","1","1","1","1","1","1","1","1","1","1","0","1","1","1","1","1","1","1","1","1","1","1","1","1","1","1","1","1","1","1","1","1","1","1","1","1","1","1","1","1","1","0","1","1","1","1","1","1","1","1","1","1","1","1","1","1","1","1","1","1","1","1","1","1","1","1","1","1","1","0","1","1","1","1","1","1","1","1"
"http://www.imprenta.gov.co/gacetap/gaceta.mostrar_texto?p_tipo=02&p_numero=66&p_consec=42861","senado","66","10","junio","2015","1","1","1","1","0","1","1","1","1","1","1","1","1","1","1","1","1","1","1","1","1","1","1","1","1","1","1","1","1","1","1","1","1","1","1","1","1","1","1","1","1","1","0","1","1","1","1","1","1","1","1","1","1","1","1","1","1","1","1","1","1","1","1","1","1","0","1","1","1","1","1","1","1","1","1","1","1","1","1","0","1","1","1","1","1","1","1","1","1","1","1","1","1","1","1","0","1","1","1","1","1","1"
"http://www.imprenta.gov.co/gacetap/gaceta.mostrar_texto?p_tipo=02&p_numero=05&p_consec=42862","senado","05","04","agosto","2015","1","1","1","1","0","1","1","1","1","1","1","1","1","1","1","1","1","1","1","1","1","1","1","1","1","1","1","1","1","0","1","1","1","1","1","1","1","1","1","1","1","1","1","1","0","1","1","1","1","1","1","1","1","1","1","1","1","0","1","1","1","1","1","1","1","0","1","1","1","1","1","1","1","1","1","1","1","1","1","1","1","1","1","1","1","0","1","1","1","1","1","1","1","1","1","1","1","1","1","1","1","1"
"http://www.imprenta.gov.co/gacetap/gaceta.mostrar_texto?p_tipo=02&p_numero=06&p_consec=42864","senado","06","05","agosto","2015","1","1","1","1","0","1","1","1","1","1","1","1","1","1","1","1","1","1","1","1","1","1","1","1","1","1","1","1","1","0","1","1","1","1","1","1","1","1","1","1","1","1","1","1","0","1","1","1","1","1","1","1","1","1","1","1","1","1","1","0","1","1","1","1","1","0","1","1","1","1","1","1","1","1","0","1","1","1","1","1","1","1","1","1","1","1","1","1","1","1","0","1","1","1","1","1","1","1","1","1","1","1"
"http://www.imprenta.gov.co/gacetap/gaceta.mostrar_texto?p_tipo=02&p_numero=14&p_consec=41021","senado","14","01","octubre","2014","1","1","1","1","1","1","1","1","1","1","1","1","1","1","1","1","1","1","1","1","1","1","1","1","1","0","1","1","1","1","1","1","0","1","1","1","1","1","1","1","1","1","0","1","1","1","1","1","1","1","1","1","1","1","1","1","1","1","1","1","1","1","1","1","1","1","1","1","1","1","0","1","1","1","1","1","1","1","1","1","1","1","1","0","1","1","1","1","1","1","1","1","1","1","1","0","1","1","1","1","1","1"
"http://www.imprenta.gov.co/gacetap/gaceta.mostrar_texto?p_tipo=02&p_numero=15&p_consec=41068","senado","15","07","octubre","2014","1","1","1","1","1","1","0","1","1","1","1","1","1","1","1","1","1","1","1","1","1","1","1","1","1","1","1","1","1","1","1","1","1","1","1","1","1","1","1","1","1","1","0","1","1","1","1","1","1","1","1","1","1","1","1","1","1","1","1","1","1","1","1","1","1","1","1","1","1","1","1","1","1","1","1","1","1","1","0","1","1","1","1","0","1","1","1","0","1","1","1","1","1","1","1","1","1","1","1","1","1","1"
"http://www.imprenta.gov.co/gacetap/gaceta.mostrar_texto?p_tipo=02&p_numero=68&p_consec=42912","senado","68","17","junio","2015","1","1","1","1","0","1","1","1","1","1","1","1","1","1","1","1","1","1","1","1","1","1","1","1","1","1","1","1","1","1","1","1","1","1","1","1","1","1","1","1","1","1","0","1","1","1","1","1","1","1","1","1","1","1","1","1","1","1","1","0","1","1","1","1","1","0","1","1","1","1","1","1","1","1","1","1","1","1","1","0","1","1","1","1","0","1","0","1","1","1","1","1","1","1","1","1","0","1","1","1","1","1"
"http://www.imprenta.gov.co/gacetap/gaceta.mostrar_texto?p_tipo=02&p_numero=62&p_consec=42953","senado","62","27","mayo","2015","1","1","1","1","0","1","1","1","1","1","1","1","1","1","1","0","1","1","1","1","1","1","1","1","1","1","1","1","1","1","1","1","1","1","1","1","1","0","1","1","0","1","1","1","1","1","1","1","1","1","0","1","1","1","1","1","1","0","1","1","1","1","1","1","1","0","1","1","1","1","0","1","1","1","1","1","1","1","1","1","1","1","1","1","1","1","1","1","1","1","1","1","1","1","1","0","1","1","1","1","1","1"
"http://www.imprenta.gov.co/gacetap/gaceta.mostrar_texto?p_tipo=02&p_numero=07&p_consec=42963","senado","07","11","agosto","2015","1","1","1","1","0","1","1","1","1","1","1","1","1","1","1","1","1","1","1","1","1","1","1","1","1","1","1","0","1","1","1","1","1","1","1","1","1","1","1","1","1","1","1","1","0","1","1","1","1","1","1","1","1","1","1","1","1","1","1","1","1","1","1","1","1","0","1","1","1","1","1","1","1","1","1","1","1","1","1","1","1","1","1","1","1","1","1","1","1","1","1","1","1","1","1","1","1","1","1","1","1","1"
"http://www.imprenta.gov.co/gacetap/gaceta.mostrar_texto?p_tipo=02&p_numero=08&p_consec=42964","senado","08","12","agosto","2015","1","1","1","1","0","0","1","1","1","1","1","1","1","1","1","1","0","1","1","1","1","1","1","1","1","1","0","0","1","1","1","1","1","0","1","1","1","1","1","1","1","1","1","1","0","1","1","1","0","1","1","0","1","1","1","1","1","1","1","1","1","0","1","1","1","0","0","1","1","1","1","1","1","0","1","0","1","1","1","1","0","1","1","1","1","1","1","0","1","1","1","1","1","1","1","1","1","1","1","0","1","1"
"http://www.imprenta.gov.co/gacetap/gaceta.mostrar_texto?p_tipo=02&p_numero=11&p_consec=42948","senado","11","25","agosto","2015","1","1","1","1","0","1","1","1","1","1","1","1","1","1","1","1","1","1","1","1","1","1","1","1","1","1","1","1","1","1","1","1","1","1","1","1","1","0","1","1","1","1","1","1","1","1","1","1","1","1","1","1","1","1","1","1","1","1","1","1","1","1","1","1","1","0","1","1","1","1","1","1","1","1","1","1","1","1","1","1","1","1","1","1","1","1","1","1","1","1","1","1","1","1","1","1","1","1","1","1","1","1"
"http://www.imprenta.gov.co/gacetap/gaceta.mostrar_texto?p_tipo=02&p_numero=54&p_consec=43037","senado","54","04","mayo","2015","1","1","1","1","0","1","1","1","1","1","1","1","1","1","1","1","1","1","1","1","1","1","1","1","1","1","1","1","1","1","1","1","1","1","1","1","1","1","1","1","1","1","1","1","1","1","1","1","1","1","1","1","1","1","1","1","1","1","1","1","1","1","1","0","1","0","1","1","1","1","1","1","1","1","1","1","1","1","1","1","1","1","1","1","1","1","1","1","1","1","1","1","1","0","1","1","1","1","1","1","1","1"
"http://www.imprenta.gov.co/gacetap/gaceta.mostrar_texto?p_tipo=02&p_numero=16&p_consec=40921","senado","16","06","octubre","2014","1","1","1","1","1","1","0","1","1","1","1","1","1","1","1","1","1","1","1","1","1","1","1","1","1","1","1","1","1","0","1","1","1","1","1","1","1","1","1","1","1","1","0","1","1","1","1","1","1","1","1","1","1","1","1","1","1","1","1","1","1","1","1","1","1","1","1","1","1","1","1","1","1","1","1","1","1","1","0","1","1","1","1","0","1","1","1","0","1","1","1","1","1","1","1","1","1","1","1","1","1","1"
"http://www.imprenta.gov.co/gacetap/gaceta.mostrar_texto?p_tipo=02&p_numero=69&p_consec=43014","senado","69","18","junio","2015","1","1","0","1","0","1","1","1","1","1","1","1","1","1","1","1","1","1","1","1","1","1","1","1","1","1","1","1","1","1","1","1","1","1","1","0","1","1","1","1","1","1","0","1","1","0","1","1","1","1","1","1","1","1","1","1","1","1","1","0","1","0","1","1","1","0","1","1","1","0","1","1","1","1","1","1","1","1","1","1","1","1","1","1","1","1","0","1","1","1","1","1","1","1","1","1","0","1","1","1","1","1"
"http://www.imprenta.gov.co/gacetap/gaceta.mostrar_texto?p_tipo=02&p_numero=17&p_consec=40914","senado","17","09","octubre","2014","1","1","1","1","1","1","0","1","1","1","1","1","1","1","1","1","1","1","1","1","1","1","1","1","1","1","1","1","1","0","1","1","1","1","1","1","1","1","1","1","1","1","0","1","1","1","1","1","1","1","1","0","0","1","1","1","1","1","1","0","1","1","1","1","1","1","1","1","1","1","1","1","0","1","1","0","1","1","0","1","1","1","1","0","0","1","1","0","1","1","1","1","1","1","1","1","1","1","1","1","1","1"
"http://www.imprenta.gov.co/gacetap/gaceta.mostrar_texto?p_tipo=02&p_numero=09&p_consec=43041","senado","09","18","agosto","2015","1","1","1","1","0","1","1","1","1","1","1","1","1","1","1","1","1","1","1","1","1","1","1","1","1","1","1","0","1","1","1","1","1","1","1","1","0","1","1","1","1","1","1","1","1","1","1","1","1","1","1","1","1","1","1","1","1","1","1","1","1","1","1","1","1","0","1","1","1","1","1","1","1","1","1","0","1","1","1","1","1","1","1","1","1","1","1","1","1","1","1","1","0","1","1","1","1","1","1","1","1","1"
"http://www.imprenta.gov.co/gacetap/gaceta.mostrar_texto?p_tipo=02&p_numero=10&p_consec=43015","senado","10","19","agosto","2015","1","1","1","1","0","1","1","1","1","1","1","1","1","1","1","1","1","1","1","1","1","1","1","1","1","1","1","1","1","1","1","1","1","1","1","1","0","1","1","1","1","1","1","1","1","1","1","1","1","1","0","0","1","1","1","1","1","1","1","1","1","1","1","1","1","0","1","1","1","1","1","1","0","1","1","1","1","1","1","1","1","1","1","1","1","1","1","1","1","1","1","1","1","1","1","1","1","1","1","1","1","1"
"http://www.imprenta.gov.co/gacetap/gaceta.mostrar_texto?p_tipo=02&p_numero=12&p_consec=43013","senado","12","26","agosto","2015","1","1","1","1","0","1","1","1","1","1","1","1","1","1","1","1","1","1","1","1","1","1","1","1","1","1","1","1","1","1","1","1","1","1","1","1","1","0","1","1","1","1","1","1","1","1","1","1","1","1","1","1","1","1","1","1","1","1","1","1","1","1","1","1","1","0","1","1","1","1","1","1","1","1","1","1","1","1","1","1","1","1","1","1","1","1","1","1","1","1","1","1","1","1","1","1","1","1","1","1","1","1"
"http://www.imprenta.gov.co/gacetap/gaceta.mostrar_texto?p_tipo=02&p_numero=14&p_consec=43073","senado","14","02","septiembre","2015","1","1","1","0","0","1","1","1","1","1","1","1","1","1","1","1","1","1","1","1","1","1","1","1","1","1","1","1","0","0","1","0","1","1","1","1","1","1","1","1","1","1","1","1","1","1","1","1","1","1","1","1","1","1","1","1","1","1","1","1","1","1","1","1","1","0","1","1","1","1","0","1","1","1","1","0","1","1","1","1","0","1","0","1","1","1","1","1","1","0","1","1","1","1","1","1","1","1","1","1","0","1"
"http://www.imprenta.gov.co/gacetap/gaceta.mostrar_texto?p_tipo=02&p_numero=15&p_consec=43075","senado","15","08","septiembre","2015","1","1","1","1","0","1","1","1","1","1","1","1","1","1","1","1","0","1","1","1","1","1","1","1","1","1","1","1","1","0","1","1","1","1","1","1","1","0","1","1","1","1","0","1","1","1","1","1","1","1","1","1","1","1","1","1","1","1","1","1","1","1","0","1","1","0","1","1","1","1","1","1","1","1","1","1","1","1","1","1","1","1","1","1","1","1","1","1","1","1","1","1","1","0","1","1","1","1","1","1","1","1"
"http://www.imprenta.gov.co/gacetap/gaceta.mostrar_texto?p_tipo=02&p_numero=16&p_consec=43153","senado","16","09","septiembre","2015","1","1","1","1","0","1","1","1","1","1","1","1","1","1","1","1","0","1","1","1","1","1","1","1","1","1","1","0","1","0","1","1","1","1","1","1","1","1","0","1","1","1","0","1","1","1","1","1","1","1","1","1","1","1","1","1","1","1","1","1","1","1","1","1","1","0","1","1","1","1","1","1","1","1","1","1","1","1","1","1","1","1","1","1","1","1","1","0","1","1","0","1","1","0","1","1","1","1","1","1","1","1"
"http://www.imprenta.gov.co/gacetap/gaceta.mostrar_texto?p_tipo=02&p_numero=17&p_consec=43137","senado","17","15","septiembre","2015","1","1","1","1","0","1","1","1","1","1","1","1","1","1","1","1","1","1","1","1","1","1","1","1","1","1","1","1","1","1","1","1","1","1","1","1","1","1","0","1","1","1","1","1","1","1","1","1","1","1","1","1","1","1","1","1","1","1","1","1","1","1","1","1","1","0","1","1","1","1","1","1","1","1","1","1","1","1","1","1","1","1","1","1","1","1","1","1","1","1","1","1","1","0","1","1","1","1","1","1","1","1"
"http://www.imprenta.gov.co/gacetap/gaceta.mostrar_texto?p_tipo=02&p_numero=18&p_consec=43135","senado","18","16","septiembre","2015","1","1","1","1","0","1","1","1","1","1","1","1","1","1","1","1","1","1","1","1","1","1","1","1","1","1","1","1","1","1","1","1","1","1","1","1","1","1","0","1","1","1","1","1","1","1","1","1","0","1","1","1","0","1","1","1","1","1","1","1","0","1","1","1","1","0","1","1","1","0","0","1","1","1","1","0","1","1","1","1","0","1","1","1","1","0","1","1","1","1","1","1","1","1","1","1","1","1","1","1","1","1"
"http://www.imprenta.gov.co/gacetap/gaceta.mostrar_texto?p_tipo=02&p_numero=19&p_consec=43199","senado","19","22","septiembre","2015","1","1","1","1","0","1","1","1","1","1","1","1","1","1","1","1","1","1","1","1","1","1","1","1","1","1","1","0","1","1","1","1","1","1","1","1","1","1","1","1","1","1","0","1","1","1","1","1","1","1","1","1","1","1","1","1","1","1","1","0","1","1","1","1","1","0","0","1","1","1","0","1","0","1","1","1","1","1","0","1","1","1","1","0","1","1","1","0","1","1","1","1","1","1","1","1","1","1","1","1","1","1"
"http://www.imprenta.gov.co/gacetap/gaceta.mostrar_texto?p_tipo=02&p_numero=40&p_consec=44055","senado","40","16","diciembre","2015","1","1","1","1","0","1","1","1","1","1","1","1","1","1","0","1","1","1","1","1","1","1","1","1","1","1","0","1","1","1","1","1","1","1","1","1","1","1","1","1","1","1","1","1","1","1","1","1","1","1","1","1","1","1","1","1","1","1","1","1","1","1","1","1","1","0","1","1","1","1","1","1","1","1","1","1","1","1","1","1","1","1","1","1","1","1","1","1","1","1","1","1","1","1","1","1","1","1","1","1","1","1"
"http://www.imprenta.gov.co/gacetap/gaceta.mostrar_texto?p_tipo=02&p_numero=13&p_consec=43332","senado","13","01","septiembre","2015","1","1","1","1","0","1","1","1","1","1","1","1","1","1","1","1","1","1","1","1","1","1","1","1","1","1","1","1","1","0","1","1","1","1","1","1","1","0","1","1","1","1","1","1","1","1","1","1","1","1","1","1","1","1","1","1","1","1","1","1","1","1","1","1","1","0","1","1","1","1","0","1","1","1","1","1","1","1","1","1","1","1","0","1","1","1","1","1","1","1","1","1","1","1","1","1","1","1","1","1","1","1"
"http://www.imprenta.gov.co/gacetap/gaceta.mostrar_texto?p_tipo=02&p_numero=20&p_consec=43359","senado","20","29","septiembre","2015","1","1","1","1","0","1","1","1","1","1","1","1","1","1","1","1","1","1","0","1","1","1","1","1","1","1","1","1","1","1","1","1","1","1","1","1","1","1","1","1","1","1","1","1","1","1","1","1","1","1","0","1","1","1","1","1","1","1","1","1","0","1","0","1","1","0","1","1","1","1","1","1","1","1","1","1","1","1","1","1","1","1","1","1","1","1","1","1","1","1","1","1","1","0","1","1","0","0","1","1","1","1"
"http://www.imprenta.gov.co/gacetap/gaceta.mostrar_texto?p_tipo=02&p_numero=21&p_consec=43362","senado","21","30","septiembre","2015","1","1","1","1","0","1","0","1","1","1","1","1","1","1","1","1","1","1","0","1","1","1","1","0","1","1","1","1","1","1","1","1","1","1","1","1","1","1","1","1","1","1","1","1","1","1","1","1","1","1","1","0","1","1","1","1","1","1","1","1","0","1","1","1","1","0","1","1","1","1","1","1","1","1","1","1","1","1","1","1","1","1","1","1","1","1","1","1","1","1","1","1","1","0","1","1","1","1","1","1","1","1"
"http://www.imprenta.gov.co/gacetap/gaceta.mostrar_texto?p_tipo=02&p_numero=22&p_consec=43360","senado","22","07","octubre","2015","1","1","1","1","0","1","0","1","1","1","1","1","1","1","1","1","1","1","1","1","1","1","1","1","1","1","1","1","1","1","1","1","1","1","1","1","1","1","1","1","1","0","0","1","1","1","1","1","1","1","1","1","1","1","1","1","1","1","1","1","1","1","1","1","1","0","1","1","1","1","1","1","1","1","1","0","1","1","1","1","1","1","1","1","1","1","1","1","0","0","0","1","1","1","1","1","1","1","1","1","1","1"
"http://www.imprenta.gov.co/gacetap/gaceta.mostrar_texto?p_tipo=02&p_numero=23&p_consec=43566","senado","23","13","octubre","2015","1","1","1","1","0","1","1","1","1","1","1","1","1","1","1","1","1","1","1","1","1","1","1","1","1","1","1","0","1","0","1","1","1","1","1","1","1","1","1","1","1","1","0","1","1","1","1","1","1","1","1","1","1","1","1","1","1","1","1","1","1","1","1","1","1","0","0","1","1","1","1","1","1","1","1","1","1","1","1","1","1","1","1","1","1","1","1","1","1","1","1","1","1","1","1","0","1","1","1","1","1","1"
"http://www.imprenta.gov.co/gacetap/gaceta.mostrar_texto?p_tipo=02&p_numero=24&p_consec=43691","senado","24","27","noviembre","2015","1","1","0","1","0","1","1","1","1","1","1","1","1","1","1","1","1","1","1","1","1","1","1","1","1","1","1","0","1","1","1","1","1","1","1","0","1","1","1","1","1","1","1","1","1","1","1","1","1","0","1","1","1","1","1","1","1","1","1","1","1","1","1","1","1","0","0","1","1","0","1","1","1","1","1","0","1","1","1","1","1","1","1","1","1","0","1","0","1","0","0","1","1","1","1","1","1","1","0","1","1","1"
"http://www.imprenta.gov.co/gacetap/gaceta.mostrar_texto?p_tipo=02&p_numero=25&p_consec=43570","senado","25","28","octubre","2015","1","1","0","1","0","1","1","1","1","1","1","1","1","1","1","1","1","1","1","1","1","1","1","1","1","1","1","0","1","1","1","1","1","1","1","0","1","1","1","1","1","1","1","1","1","1","1","1","1","0","0","1","1","1","1","1","1","1","1","1","0","1","1","1","1","0","0","1","1","1","1","1","1","1","1","1","1","1","1","1","1","1","1","1","1","0","1","1","1","0","1","1","1","1","1","1","1","1","1","1","1","1"
